stage,scheme,attack,condition,image_id,kind,step,raw_score,score,is_watermarked,psnr,ssim,lpips,loss,seconds,seed,target_rev,attacker_rev
clean,TR,,,prompt0000,watermarked,0,27.54627799987793,-27.54627799987793,1,,,,,4.249485911999727,0,0094d483a120f3f33dafbd187ea4aa60d10de75c,
clean,TR,,,prompt0000,unwatermarked,0,56.430545806884766,-56.430545806884766,0,,,,,4.03196149499945,0,0094d483a120f3f33dafbd187ea4aa60d10de75c,
clean,TR,,,prompt0001,watermarked,0,40.22494888305664,-40.22494888305664,1,,,,,4.033268185000452,1,0094d483a120f3f33dafbd187ea4aa60d10de75c,
clean,TR,,,prompt0001,unwatermarked,0,54.55691909790039,-54.55691909790039,0,,,,,4.028910545000144,1,0094d483a120f3f33dafbd187ea4aa60d10de75c,
clean,TR,,,prompt0002,watermarked,0,33.98271942138672,-33.98271942138672,1,,,,,4.027398833999541,2,0094d483a120f3f33dafbd187ea4aa60d10de75c,
clean,TR,,,prompt0002,unwatermarked,0,54.8605842590332,-54.8605842590332,0,,,,,4.023874855999566,2,0094d483a120f3f33dafbd187ea4aa60d10de75c,
clean,TR,,,prompt0003,watermarked,0,41.80069351196289,-41.80069351196289,1,,,,,4.024156704999768,3,0094d483a120f3f33dafbd187ea4aa60d10de75c,
clean,TR,,,prompt0003,unwatermarked,0,58.02553939819336,-58.02553939819336,0,,,,,4.025941254999452,3,0094d483a120f3f33dafbd187ea4aa60d10de75c,
clean,TR,,,prompt0004,watermarked,0,35.135467529296875,-35.135467529296875,1,,,,,4.024302705000082,4,0094d483a120f3f33dafbd187ea4aa60d10de75c,
clean,TR,,,prompt0004,unwatermarked,0,53.4581298828125,-53.4581298828125,0,,,,,4.0248394249993,4,0094d483a120f3f33dafbd187ea4aa60d10de75c,
clean,TR,,,prompt0005,watermarked,0,39.74688720703125,-39.74688720703125,1,,,,,4.026039304999358,5,0094d483a120f3f33dafbd187ea4aa60d10de75c,
clean,TR,,,prompt0005,unwatermarked,0,50.040069580078125,-50.040069580078125,0,,,,,4.025678504999632,5,0094d483a120f3f33dafbd187ea4aa60d10de75c,
clean,TR,,,prompt0006,watermarked,0,34.72936248779297,-34.72936248779297,1,,,,,4.029640674000802,6,0094d483a120f3f33dafbd187ea4aa60d10de75c,
clean,TR,,,prompt0006,unwatermarked,0,56.222293853759766,-56.222293853759766,0,,,,,4.03078717399967,6,0094d483a120f3f33dafbd187ea4aa60d10de75c,
clean,TR,,,prompt0007,watermarked,0,28.782455444335938,-28.782455444335938,1,,,,,4.029288794999957,7,0094d483a120f3f33dafbd187ea4aa60d10de75c,
clean,TR,,,prompt0007,unwatermarked,0,55.0975341796875,-55.0975341796875,0,,,,,4.028995804999795,7,0094d483a120f3f33dafbd187ea4aa60d10de75c,
clean,TR,,,prompt0008,watermarked,0,34.167259216308594,-34.167259216308594,1,,,,,4.029095745000632,8,0094d483a120f3f33dafbd187ea4aa60d10de75c,
clean,TR,,,prompt0008,unwatermarked,0,57.612308502197266,-57.612308502197266,0,,,,,4.029647815000317,8,0094d483a120f3f33dafbd187ea4aa60d10de75c,
clean,TR,,,prompt0009,watermarked,0,33.15271759033203,-33.15271759033203,1,,,,,4.030472614000246,9,0094d483a120f3f33dafbd187ea4aa60d10de75c,
clean,TR,,,prompt0009,unwatermarked,0,52.60743713378906,-52.60743713378906,0,,,,,4.0298011439999755,9,0094d483a120f3f33dafbd187ea4aa60d10de75c,
clean,TR,,,prompt0010,watermarked,0,35.51472854614258,-35.51472854614258,1,,,,,4.030995033999716,10,0094d483a120f3f33dafbd187ea4aa60d10de75c,
clean,TR,,,prompt0010,unwatermarked,0,55.395381927490234,-55.395381927490234,0,,,,,4.030015444999663,10,0094d483a120f3f33dafbd187ea4aa60d10de75c,
clean,TR,,,prompt0011,watermarked,0,42.33660888671875,-42.33660888671875,1,,,,,4.03008966500056,11,0094d483a120f3f33dafbd187ea4aa60d10de75c,
clean,TR,,,prompt0011,unwatermarked,0,55.74488830566406,-55.74488830566406,0,,,,,4.030908964000446,11,0094d483a120f3f33dafbd187ea4aa60d10de75c,
clean,TR,,,prompt0012,watermarked,0,27.828899383544922,-27.828899383544922,1,,,,,4.030800634000116,12,0094d483a120f3f33dafbd187ea4aa60d10de75c,
clean,TR,,,prompt0012,unwatermarked,0,55.860225677490234,-55.860225677490234,0,,,,,4.031058153999766,12,0094d483a120f3f33dafbd187ea4aa60d10de75c,
clean,TR,,,prompt0013,watermarked,0,28.478809356689453,-28.478809356689453,1,,,,,4.030739114000426,13,0094d483a120f3f33dafbd187ea4aa60d10de75c,
clean,TR,,,prompt0013,unwatermarked,0,52.80424499511719,-52.80424499511719,0,,,,,4.029247175000819,13,0094d483a120f3f33dafbd187ea4aa60d10de75c,
clean,TR,,,prompt0014,watermarked,0,36.41778564453125,-36.41778564453125,1,,,,,4.029929074999927,14,0094d483a120f3f33dafbd187ea4aa60d10de75c,
clean,TR,,,prompt0014,unwatermarked,0,54.18178176879883,-54.18178176879883,0,,,,,4.02958072399997,14,0094d483a120f3f33dafbd187ea4aa60d10de75c,
clean,TR,,,prompt0015,watermarked,0,40.617008209228516,-40.617008209228516,1,,,,,4.030843003999507,15,0094d483a120f3f33dafbd187ea4aa60d10de75c,
clean,TR,,,prompt0015,unwatermarked,0,61.653663635253906,-61.653663635253906,0,,,,,4.031778404000761,15,0094d483a120f3f33dafbd187ea4aa60d10de75c,
clean,TR,,,prompt0016,watermarked,0,36.52144241333008,-36.52144241333008,1,,,,,4.029598035000163,16,0094d483a120f3f33dafbd187ea4aa60d10de75c,
clean,TR,,,prompt0016,unwatermarked,0,55.936649322509766,-55.936649322509766,0,,,,,4.031355735000034,16,0094d483a120f3f33dafbd187ea4aa60d10de75c,
clean,TR,,,prompt0017,watermarked,0,35.58018493652344,-35.58018493652344,1,,,,,4.030456124000011,17,0094d483a120f3f33dafbd187ea4aa60d10de75c,
clean,TR,,,prompt0017,unwatermarked,0,55.072601318359375,-55.072601318359375,0,,,,,4.028885654999613,17,0094d483a120f3f33dafbd187ea4aa60d10de75c,
clean,TR,,,prompt0018,watermarked,0,31.92999267578125,-31.92999267578125,1,,,,,4.030364635000296,18,0094d483a120f3f33dafbd187ea4aa60d10de75c,
clean,TR,,,prompt0018,unwatermarked,0,55.318851470947266,-55.318851470947266,0,,,,,4.0295862250004575,18,0094d483a120f3f33dafbd187ea4aa60d10de75c,
clean,TR,,,prompt0019,watermarked,0,44.14780807495117,-44.14780807495117,1,,,,,4.03031612399991,19,0094d483a120f3f33dafbd187ea4aa60d10de75c,
clean,TR,,,prompt0019,unwatermarked,0,60.812835693359375,-60.812835693359375,0,,,,,4.0319485740001255,19,0094d483a120f3f33dafbd187ea4aa60d10de75c,
clean,TR,,,prompt0020,watermarked,0,30.333011627197266,-30.333011627197266,1,,,,,4.030156203999468,20,0094d483a120f3f33dafbd187ea4aa60d10de75c,
clean,TR,,,prompt0020,unwatermarked,0,58.92289733886719,-58.92289733886719,0,,,,,4.03056902499975,20,0094d483a120f3f33dafbd187ea4aa60d10de75c,
clean,TR,,,prompt0021,watermarked,0,36.99726867675781,-36.99726867675781,1,,,,,4.029804875000082,21,0094d483a120f3f33dafbd187ea4aa60d10de75c,
clean,TR,,,prompt0021,unwatermarked,0,56.112640380859375,-56.112640380859375,0,,,,,4.029450783999891,21,0094d483a120f3f33dafbd187ea4aa60d10de75c,
clean,TR,,,prompt0022,watermarked,0,29.889362335205078,-29.889362335205078,1,,,,,4.030042653999772,22,0094d483a120f3f33dafbd187ea4aa60d10de75c,
clean,TR,,,prompt0022,unwatermarked,0,54.95575714111328,-54.95575714111328,0,,,,,4.029370915000072,22,0094d483a120f3f33dafbd187ea4aa60d10de75c,
clean,TR,,,prompt0023,watermarked,0,37.88822937011719,-37.88822937011719,1,,,,,4.031633794999834,23,0094d483a120f3f33dafbd187ea4aa60d10de75c,
clean,TR,,,prompt0023,unwatermarked,0,59.78779602050781,-59.78779602050781,0,,,,,4.02970351499971,23,0094d483a120f3f33dafbd187ea4aa60d10de75c,
clean,TR,,,prompt0024,watermarked,0,25.4952335357666,-25.4952335357666,1,,,,,4.029405394000605,24,0094d483a120f3f33dafbd187ea4aa60d10de75c,
clean,TR,,,prompt0024,unwatermarked,0,56.3137321472168,-56.3137321472168,0,,,,,4.029806504999215,24,0094d483a120f3f33dafbd187ea4aa60d10de75c,
clean,TR,,,prompt0025,watermarked,0,35.490814208984375,-35.490814208984375,1,,,,,4.0304308650001985,25,0094d483a120f3f33dafbd187ea4aa60d10de75c,
clean,TR,,,prompt0025,unwatermarked,0,55.928855895996094,-55.928855895996094,0,,,,,4.031118134999815,25,0094d483a120f3f33dafbd187ea4aa60d10de75c,
clean,TR,,,prompt0026,watermarked,0,30.529705047607422,-30.529705047607422,1,,,,,4.030236653999964,26,0094d483a120f3f33dafbd187ea4aa60d10de75c,
clean,TR,,,prompt0026,unwatermarked,0,61.357120513916016,-61.357120513916016,0,,,,,4.02917426499971,26,0094d483a120f3f33dafbd187ea4aa60d10de75c,
clean,TR,,,prompt0027,watermarked,0,35.558135986328125,-35.558135986328125,1,,,,,4.030063844999859,27,0094d483a120f3f33dafbd187ea4aa60d10de75c,
clean,TR,,,prompt0027,unwatermarked,0,55.474185943603516,-55.474185943603516,0,,,,,4.029581034999865,27,0094d483a120f3f33dafbd187ea4aa60d10de75c,
clean,TR,,,prompt0028,watermarked,0,32.140907287597656,-32.140907287597656,1,,,,,4.029042524999568,28,0094d483a120f3f33dafbd187ea4aa60d10de75c,
clean,TR,,,prompt0028,unwatermarked,0,56.340850830078125,-56.340850830078125,0,,,,,4.030841554999824,28,0094d483a120f3f33dafbd187ea4aa60d10de75c,
clean,TR,,,prompt0029,watermarked,0,37.46763229370117,-37.46763229370117,1,,,,,4.030343964999702,29,0094d483a120f3f33dafbd187ea4aa60d10de75c,
clean,TR,,,prompt0029,unwatermarked,0,60.36566162109375,-60.36566162109375,0,,,,,4.029909885000052,29,0094d483a120f3f33dafbd187ea4aa60d10de75c,
clean,TR,,,prompt0030,watermarked,0,36.98967361450195,-36.98967361450195,1,,,,,4.029643183999724,30,0094d483a120f3f33dafbd187ea4aa60d10de75c,
clean,TR,,,prompt0030,unwatermarked,0,52.20077133178711,-52.20077133178711,0,,,,,4.030276555000455,30,0094d483a120f3f33dafbd187ea4aa60d10de75c,
clean,TR,,,prompt0031,watermarked,0,33.805755615234375,-33.805755615234375,1,,,,,4.030568425000638,31,0094d483a120f3f33dafbd187ea4aa60d10de75c,
clean,TR,,,prompt0031,unwatermarked,0,58.981529235839844,-58.981529235839844,0,,,,,4.031165094999778,31,0094d483a120f3f33dafbd187ea4aa60d10de75c,
clean,TR,,,prompt0032,watermarked,0,38.54244613647461,-38.54244613647461,1,,,,,4.030091253999672,32,0094d483a120f3f33dafbd187ea4aa60d10de75c,
clean,TR,,,prompt0032,unwatermarked,0,58.07820510864258,-58.07820510864258,0,,,,,4.030819644000076,32,0094d483a120f3f33dafbd187ea4aa60d10de75c,
clean,TR,,,prompt0033,watermarked,0,39.03742599487305,-39.03742599487305,1,,,,,4.031079343999409,33,0094d483a120f3f33dafbd187ea4aa60d10de75c,
clean,TR,,,prompt0033,unwatermarked,0,57.9152946472168,-57.9152946472168,0,,,,,4.031749873999615,33,0094d483a120f3f33dafbd187ea4aa60d10de75c,
clean,TR,,,prompt0034,watermarked,0,23.335737228393555,-23.335737228393555,1,,,,,4.030612894999649,34,0094d483a120f3f33dafbd187ea4aa60d10de75c,
clean,TR,,,prompt0034,unwatermarked,0,54.99745178222656,-54.99745178222656,0,,,,,4.029416435000712,34,0094d483a120f3f33dafbd187ea4aa60d10de75c,
clean,TR,,,prompt0035,watermarked,0,28.250274658203125,-28.250274658203125,1,,,,,4.030124943999908,35,0094d483a120f3f33dafbd187ea4aa60d10de75c,
clean,TR,,,prompt0035,unwatermarked,0,49.888641357421875,-49.888641357421875,1,,,,,4.0300870540004325,35,0094d483a120f3f33dafbd187ea4aa60d10de75c,
clean,TR,,,prompt0036,watermarked,0,41.72770690917969,-41.72770690917969,1,,,,,4.029548174999945,36,0094d483a120f3f33dafbd187ea4aa60d10de75c,
clean,TR,,,prompt0036,unwatermarked,0,55.88471221923828,-55.88471221923828,0,,,,,4.030368934999387,36,0094d483a120f3f33dafbd187ea4aa60d10de75c,
clean,TR,,,prompt0037,watermarked,0,39.56098937988281,-39.56098937988281,1,,,,,4.031280033999792,37,0094d483a120f3f33dafbd187ea4aa60d10de75c,
clean,TR,,,prompt0037,unwatermarked,0,53.02913284301758,-53.02913284301758,0,,,,,4.030013453999345,37,0094d483a120f3f33dafbd187ea4aa60d10de75c,
clean,TR,,,prompt0038,watermarked,0,42.78937911987305,-42.78937911987305,1,,,,,4.030188124999768,38,0094d483a120f3f33dafbd187ea4aa60d10de75c,
clean,TR,,,prompt0038,unwatermarked,0,53.565303802490234,-53.565303802490234,0,,,,,4.030068495000705,38,0094d483a120f3f33dafbd187ea4aa60d10de75c,
clean,TR,,,prompt0039,watermarked,0,34.512508392333984,-34.512508392333984,1,,,,,4.030709813999238,39,0094d483a120f3f33dafbd187ea4aa60d10de75c,
clean,TR,,,prompt0039,unwatermarked,0,57.980690002441406,-57.980690002441406,0,,,,,4.0300800439999875,39,0094d483a120f3f33dafbd187ea4aa60d10de75c,
clean,TR,,,prompt0040,watermarked,0,26.74310874938965,-26.74310874938965,1,,,,,4.02961639500063,40,0094d483a120f3f33dafbd187ea4aa60d10de75c,
clean,TR,,,prompt0040,unwatermarked,0,53.16923904418945,-53.16923904418945,0,,,,,4.030864695000673,40,0094d483a120f3f33dafbd187ea4aa60d10de75c,
clean,TR,,,prompt0041,watermarked,0,45.982749938964844,-45.982749938964844,1,,,,,4.030842354000015,41,0094d483a120f3f33dafbd187ea4aa60d10de75c,
clean,TR,,,prompt0041,unwatermarked,0,54.51353073120117,-54.51353073120117,0,,,,,4.03002202100015,41,0094d483a120f3f33dafbd187ea4aa60d10de75c,
clean,TR,,,prompt0042,watermarked,0,27.918394088745117,-27.918394088745117,1,,,,,4.02990021200003,42,0094d483a120f3f33dafbd187ea4aa60d10de75c,
clean,TR,,,prompt0042,unwatermarked,0,53.674129486083984,-53.674129486083984,0,,,,,4.0299367020006684,42,0094d483a120f3f33dafbd187ea4aa60d10de75c,
clean,TR,,,prompt0043,watermarked,0,37.670841217041016,-37.670841217041016,1,,,,,4.030381331999706,43,0094d483a120f3f33dafbd187ea4aa60d10de75c,
clean,TR,,,prompt0043,unwatermarked,0,55.28142547607422,-55.28142547607422,0,,,,,4.030516501999955,43,0094d483a120f3f33dafbd187ea4aa60d10de75c,
clean,TR,,,prompt0044,watermarked,0,42.83781433105469,-42.83781433105469,1,,,,,4.0311766519998855,44,0094d483a120f3f33dafbd187ea4aa60d10de75c,
clean,TR,,,prompt0044,unwatermarked,0,50.869441986083984,-50.869441986083984,0,,,,,4.029684971999814,44,0094d483a120f3f33dafbd187ea4aa60d10de75c,
clean,TR,,,prompt0045,watermarked,0,36.125762939453125,-36.125762939453125,1,,,,,4.02902725200056,45,0094d483a120f3f33dafbd187ea4aa60d10de75c,
clean,TR,,,prompt0045,unwatermarked,0,54.30744934082031,-54.30744934082031,0,,,,,4.02953109200007,45,0094d483a120f3f33dafbd187ea4aa60d10de75c,
clean,TR,,,prompt0046,watermarked,0,28.56171226501465,-28.56171226501465,1,,,,,4.029526501999499,46,0094d483a120f3f33dafbd187ea4aa60d10de75c,
clean,TR,,,prompt0046,unwatermarked,0,57.704227447509766,-57.704227447509766,0,,,,,4.0292157519998,46,0094d483a120f3f33dafbd187ea4aa60d10de75c,
clean,TR,,,prompt0047,watermarked,0,30.479656219482422,-30.479656219482422,1,,,,,4.030024622000383,47,0094d483a120f3f33dafbd187ea4aa60d10de75c,
clean,TR,,,prompt0047,unwatermarked,0,55.44418716430664,-55.44418716430664,0,,,,,4.029916332000539,47,0094d483a120f3f33dafbd187ea4aa60d10de75c,
clean,TR,,,prompt0048,watermarked,0,28.690139770507812,-28.690139770507812,1,,,,,4.029771292000078,48,0094d483a120f3f33dafbd187ea4aa60d10de75c,
clean,TR,,,prompt0048,unwatermarked,0,56.846351623535156,-56.846351623535156,0,,,,,4.030511972000568,48,0094d483a120f3f33dafbd187ea4aa60d10de75c,
clean,TR,,,prompt0049,watermarked,0,38.981895446777344,-38.981895446777344,1,,,,,4.029417882999951,49,0094d483a120f3f33dafbd187ea4aa60d10de75c,
clean,TR,,,prompt0049,unwatermarked,0,46.704898834228516,-46.704898834228516,1,,,,,4.031292591999772,49,0094d483a120f3f33dafbd187ea4aa60d10de75c,
real,TR,,,410878,real,0,57.91170883178711,-57.91170883178711,0,,,,,2.025140529000055,,0094d483a120f3f33dafbd187ea4aa60d10de75c,
real,TR,,,25424,real,0,59.736576080322266,-59.736576080322266,0,,,,,2.0222811799994815,,0094d483a120f3f33dafbd187ea4aa60d10de75c,
real,TR,,,166768,real,0,57.58893966674805,-57.58893966674805,0,,,,,2.2812484229998518,,0094d483a120f3f33dafbd187ea4aa60d10de75c,
real,TR,,,32887,real,0,55.20631790161133,-55.20631790161133,0,,,,,2.1769016139996893,,0094d483a120f3f33dafbd187ea4aa60d10de75c,
real,TR,,,519208,real,0,53.967369079589844,-53.967369079589844,0,,,,,2.1253382990007594,,0094d483a120f3f33dafbd187ea4aa60d10de75c,
real,TR,,,565778,real,0,59.00230026245117,-59.00230026245117,0,,,,,2.2075031710000985,,0094d483a120f3f33dafbd187ea4aa60d10de75c,
real,TR,,,248314,real,0,57.24921798706055,-57.24921798706055,0,,,,,2.2145880699999907,,0094d483a120f3f33dafbd187ea4aa60d10de75c,
real,TR,,,176606,real,0,57.2016716003418,-57.2016716003418,0,,,,,2.200414572000227,,0094d483a120f3f33dafbd187ea4aa60d10de75c,
real,TR,,,247838,real,0,58.31441116333008,-58.31441116333008,0,,,,,2.1712669640000968,,0094d483a120f3f33dafbd187ea4aa60d10de75c,
real,TR,,,376264,real,0,58.18408966064453,-58.18408966064453,0,,,,,2.1765637940006854,,0094d483a120f3f33dafbd187ea4aa60d10de75c,
real,TR,,,445658,real,0,60.17169189453125,-60.17169189453125,0,,,,,2.162507775999984,,0094d483a120f3f33dafbd187ea4aa60d10de75c,
real,TR,,,400794,real,0,60.83531188964844,-60.83531188964844,0,,,,,2.1485410570003296,,0094d483a120f3f33dafbd187ea4aa60d10de75c,
real,TR,,,225405,real,0,55.80643844604492,-55.80643844604492,0,,,,,2.207748360999176,,0094d483a120f3f33dafbd187ea4aa60d10de75c,
real,TR,,,234607,real,0,60.304283142089844,-60.304283142089844,0,,,,,2.1475454480005283,,0094d483a120f3f33dafbd187ea4aa60d10de75c,
real,TR,,,176799,real,0,56.30813980102539,-56.30813980102539,0,,,,,2.2290276390003783,,0094d483a120f3f33dafbd187ea4aa60d10de75c,
real,TR,,,245576,real,0,52.793365478515625,-52.793365478515625,0,,,,,2.217977579000035,,0094d483a120f3f33dafbd187ea4aa60d10de75c,
real,TR,,,411938,real,0,58.035762786865234,-58.035762786865234,0,,,,,2.1800875839999208,,0094d483a120f3f33dafbd187ea4aa60d10de75c,
real,TR,,,119677,real,0,56.18989181518555,-56.18989181518555,0,,,,,2.1870020329997715,,0094d483a120f3f33dafbd187ea4aa60d10de75c,
real,TR,,,74733,real,0,56.72265625,-56.72265625,0,,,,,2.2156279209993954,,0094d483a120f3f33dafbd187ea4aa60d10de75c,
real,TR,,,267670,real,0,53.56773376464844,-53.56773376464844,0,,,,,2.2435108779991424,,0094d483a120f3f33dafbd187ea4aa60d10de75c,
real,TR,,,214753,real,0,52.83676528930664,-52.83676528930664,0,,,,,2.170621514999766,,0094d483a120f3f33dafbd187ea4aa60d10de75c,
real,TR,,,22396,real,0,55.02748107910156,-55.02748107910156,0,,,,,2.187774983000054,,0094d483a120f3f33dafbd187ea4aa60d10de75c,
real,TR,,,410934,real,0,53.847633361816406,-53.847633361816406,0,,,,,2.2006947820000278,,0094d483a120f3f33dafbd187ea4aa60d10de75c,
real,TR,,,14888,real,0,59.78981399536133,-59.78981399536133,0,,,,,2.1777675339999405,,0094d483a120f3f33dafbd187ea4aa60d10de75c,
real,TR,,,146667,real,0,55.68567657470703,-55.68567657470703,0,,,,,2.3307414079999944,,0094d483a120f3f33dafbd187ea4aa60d10de75c,
real,TR,,,468925,real,0,57.29728317260742,-57.29728317260742,0,,,,,2.1715626449995398,,0094d483a120f3f33dafbd187ea4aa60d10de75c,
real,TR,,,520531,real,0,57.822452545166016,-57.822452545166016,0,,,,,2.210388829999829,,0094d483a120f3f33dafbd187ea4aa60d10de75c,
real,TR,,,446207,real,0,55.368080139160156,-55.368080139160156,0,,,,,2.17440271400028,,0094d483a120f3f33dafbd187ea4aa60d10de75c,
real,TR,,,114770,real,0,58.4014892578125,-58.4014892578125,0,,,,,2.1702231350000147,,0094d483a120f3f33dafbd187ea4aa60d10de75c,
real,TR,,,33759,real,0,50.44190216064453,-50.44190216064453,0,,,,,2.1776494949999687,,0094d483a120f3f33dafbd187ea4aa60d10de75c,
real,TR,,,537053,real,0,56.071285247802734,-56.071285247802734,0,,,,,2.2004022920000352,,0094d483a120f3f33dafbd187ea4aa60d10de75c,
real,TR,,,526103,real,0,54.263832092285156,-54.263832092285156,0,,,,,2.228399098999944,,0094d483a120f3f33dafbd187ea4aa60d10de75c,
real,TR,,,281754,real,0,57.8857536315918,-57.8857536315918,0,,,,,2.1696622250001383,,0094d483a120f3f33dafbd187ea4aa60d10de75c,
real,TR,,,429690,real,0,58.24170684814453,-58.24170684814453,0,,,,,2.158754475999558,,0094d483a120f3f33dafbd187ea4aa60d10de75c,
real,TR,,,161861,real,0,53.070430755615234,-53.070430755615234,0,,,,,2.1230550199998106,,0094d483a120f3f33dafbd187ea4aa60d10de75c,
real,TR,,,448365,real,0,55.02102279663086,-55.02102279663086,0,,,,,2.209578621000219,,0094d483a120f3f33dafbd187ea4aa60d10de75c,
real,TR,,,559842,real,0,53.85816192626953,-53.85816192626953,0,,,,,2.1806522440001572,,0094d483a120f3f33dafbd187ea4aa60d10de75c,
real,TR,,,155051,real,0,54.79433822631836,-54.79433822631836,0,,,,,2.150897857000018,,0094d483a120f3f33dafbd187ea4aa60d10de75c,
real,TR,,,329080,real,0,54.12978744506836,-54.12978744506836,0,,,,,2.1895197829999233,,0094d483a120f3f33dafbd187ea4aa60d10de75c,
real,TR,,,147223,real,0,60.74528121948242,-60.74528121948242,0,,,,,2.1598712260001776,,0094d483a120f3f33dafbd187ea4aa60d10de75c,
real,TR,,,393569,real,0,58.64384078979492,-58.64384078979492,0,,,,,2.1555210859996805,,0094d483a120f3f33dafbd187ea4aa60d10de75c,
real,TR,,,149622,real,0,57.27144241333008,-57.27144241333008,0,,,,,2.181569782999759,,0094d483a120f3f33dafbd187ea4aa60d10de75c,
real,TR,,,315219,real,0,59.91886901855469,-59.91886901855469,0,,,,,2.1323122390003846,,0094d483a120f3f33dafbd187ea4aa60d10de75c,
real,TR,,,252701,real,0,52.26529312133789,-52.26529312133789,0,,,,,2.1684357149997595,,0094d483a120f3f33dafbd187ea4aa60d10de75c,
real,TR,,,212573,real,0,58.4205207824707,-58.4205207824707,0,,,,,2.1990954720004083,,0094d483a120f3f33dafbd187ea4aa60d10de75c,
real,TR,,,481159,real,0,56.3781623840332,-56.3781623840332,0,,,,,2.190679643000294,,0094d483a120f3f33dafbd187ea4aa60d10de75c,
real,TR,,,378515,real,0,56.123435974121094,-56.123435974121094,0,,,,,2.1675131450001572,,0094d483a120f3f33dafbd187ea4aa60d10de75c,
real,TR,,,190007,real,0,54.473445892333984,-54.473445892333984,0,,,,,2.175443904000531,,0094d483a120f3f33dafbd187ea4aa60d10de75c,
real,TR,,,32941,real,0,52.76038360595703,-52.76038360595703,0,,,,,2.1703999239998666,,0094d483a120f3f33dafbd187ea4aa60d10de75c,
real,TR,,,71226,real,0,58.125186920166016,-58.125186920166016,0,,,,,2.17922042400005,,0094d483a120f3f33dafbd187ea4aa60d10de75c,
clean,GS,,,prompt0000,watermarked,0,1.0,1.0,1,,,,,5.774996811000165,0,0094d483a120f3f33dafbd187ea4aa60d10de75c,
clean,GS,,,prompt0000,unwatermarked,0,0.4453125,0.4453125,0,,,,,4.034068081999976,0,0094d483a120f3f33dafbd187ea4aa60d10de75c,
clean,GS,,,prompt0001,watermarked,0,1.0,1.0,1,,,,,5.7644160919999194,1,0094d483a120f3f33dafbd187ea4aa60d10de75c,
clean,GS,,,prompt0001,unwatermarked,0,0.46484375,0.46484375,0,,,,,4.029492971999389,1,0094d483a120f3f33dafbd187ea4aa60d10de75c,
clean,GS,,,prompt0002,watermarked,0,1.0,1.0,1,,,,,5.7366109550002875,2,0094d483a120f3f33dafbd187ea4aa60d10de75c,
clean,GS,,,prompt0002,unwatermarked,0,0.5234375,0.5234375,0,,,,,4.029656411999895,2,0094d483a120f3f33dafbd187ea4aa60d10de75c,
clean,GS,,,prompt0003,watermarked,0,1.0,1.0,1,,,,,5.740702703999887,3,0094d483a120f3f33dafbd187ea4aa60d10de75c,
clean,GS,,,prompt0003,unwatermarked,0,0.47265625,0.47265625,0,,,,,4.029244321999613,3,0094d483a120f3f33dafbd187ea4aa60d10de75c,
clean,GS,,,prompt0004,watermarked,0,1.0,1.0,1,,,,,5.738826384999811,4,0094d483a120f3f33dafbd187ea4aa60d10de75c,
clean,GS,,,prompt0004,unwatermarked,0,0.4765625,0.4765625,0,,,,,4.0301837520000845,4,0094d483a120f3f33dafbd187ea4aa60d10de75c,
clean,GS,,,prompt0005,watermarked,0,1.0,1.0,1,,,,,5.729781354999432,5,0094d483a120f3f33dafbd187ea4aa60d10de75c,
clean,GS,,,prompt0005,unwatermarked,0,0.49609375,0.49609375,0,,,,,4.029712651999944,5,0094d483a120f3f33dafbd187ea4aa60d10de75c,
clean,GS,,,prompt0006,watermarked,0,1.0,1.0,1,,,,,5.745329993999803,6,0094d483a120f3f33dafbd187ea4aa60d10de75c,
clean,GS,,,prompt0006,unwatermarked,0,0.4765625,0.4765625,0,,,,,4.030490352000015,6,0094d483a120f3f33dafbd187ea4aa60d10de75c,
clean,GS,,,prompt0007,watermarked,0,1.0,1.0,1,,,,,5.735252215000401,7,0094d483a120f3f33dafbd187ea4aa60d10de75c,
clean,GS,,,prompt0007,unwatermarked,0,0.4921875,0.4921875,0,,,,,4.0295328809997955,7,0094d483a120f3f33dafbd187ea4aa60d10de75c,
clean,GS,,,prompt0008,watermarked,0,1.0,1.0,1,,,,,5.714369167000768,8,0094d483a120f3f33dafbd187ea4aa60d10de75c,
clean,GS,,,prompt0008,unwatermarked,0,0.5078125,0.5078125,0,,,,,4.029970511999636,8,0094d483a120f3f33dafbd187ea4aa60d10de75c,
clean,GS,,,prompt0009,watermarked,0,1.0,1.0,1,,,,,5.735083085000042,9,0094d483a120f3f33dafbd187ea4aa60d10de75c,
clean,GS,,,prompt0009,unwatermarked,0,0.484375,0.484375,0,,,,,4.029492882000341,9,0094d483a120f3f33dafbd187ea4aa60d10de75c,
clean,GS,,,prompt0010,watermarked,0,1.0,1.0,1,,,,,5.736847474999195,10,0094d483a120f3f33dafbd187ea4aa60d10de75c,
clean,GS,,,prompt0010,unwatermarked,0,0.4921875,0.4921875,0,,,,,4.029608802000439,10,0094d483a120f3f33dafbd187ea4aa60d10de75c,
clean,GS,,,prompt0011,watermarked,0,1.0,1.0,1,,,,,5.727470146000087,11,0094d483a120f3f33dafbd187ea4aa60d10de75c,
clean,GS,,,prompt0011,unwatermarked,0,0.48828125,0.48828125,0,,,,,4.030120731999887,11,0094d483a120f3f33dafbd187ea4aa60d10de75c,
clean,GS,,,prompt0012,watermarked,0,1.0,1.0,1,,,,,5.735340444999565,12,0094d483a120f3f33dafbd187ea4aa60d10de75c,
clean,GS,,,prompt0012,unwatermarked,0,0.49609375,0.49609375,0,,,,,4.029644762000316,12,0094d483a120f3f33dafbd187ea4aa60d10de75c,
clean,GS,,,prompt0013,watermarked,0,1.0,1.0,1,,,,,5.74256113499996,13,0094d483a120f3f33dafbd187ea4aa60d10de75c,
clean,GS,,,prompt0013,unwatermarked,0,0.47265625,0.47265625,0,,,,,4.0295169020000685,13,0094d483a120f3f33dafbd187ea4aa60d10de75c,
clean,GS,,,prompt0014,watermarked,0,1.0,1.0,1,,,,,5.739614244000222,14,0094d483a120f3f33dafbd187ea4aa60d10de75c,
clean,GS,,,prompt0014,unwatermarked,0,0.4921875,0.4921875,0,,,,,4.029796502000863,14,0094d483a120f3f33dafbd187ea4aa60d10de75c,
clean,GS,,,prompt0015,watermarked,0,1.0,1.0,1,,,,,5.736907364999752,15,0094d483a120f3f33dafbd187ea4aa60d10de75c,
clean,GS,,,prompt0015,unwatermarked,0,0.53515625,0.53515625,0,,,,,4.029747812000096,15,0094d483a120f3f33dafbd187ea4aa60d10de75c,
clean,GS,,,prompt0016,watermarked,0,1.0,1.0,1,,,,,5.748946083999726,16,0094d483a120f3f33dafbd187ea4aa60d10de75c,
clean,GS,,,prompt0016,unwatermarked,0,0.5,0.5,0,,,,,4.03082748199995,16,0094d483a120f3f33dafbd187ea4aa60d10de75c,
clean,GS,,,prompt0017,watermarked,0,1.0,1.0,1,,,,,5.74800610300008,17,0094d483a120f3f33dafbd187ea4aa60d10de75c,
clean,GS,,,prompt0017,unwatermarked,0,0.5,0.5,0,,,,,4.0298890819994995,17,0094d483a120f3f33dafbd187ea4aa60d10de75c,
clean,GS,,,prompt0018,watermarked,0,1.0,1.0,1,,,,,5.742738154000108,18,0094d483a120f3f33dafbd187ea4aa60d10de75c,
clean,GS,,,prompt0018,unwatermarked,0,0.53125,0.53125,0,,,,,4.029303181999239,18,0094d483a120f3f33dafbd187ea4aa60d10de75c,
clean,GS,,,prompt0019,watermarked,0,1.0,1.0,1,,,,,5.731979486000455,19,0094d483a120f3f33dafbd187ea4aa60d10de75c,
clean,GS,,,prompt0019,unwatermarked,0,0.44921875,0.44921875,0,,,,,4.02951719199973,19,0094d483a120f3f33dafbd187ea4aa60d10de75c,
clean,GS,,,prompt0020,watermarked,0,1.0,1.0,1,,,,,5.7344216649999,20,0094d483a120f3f33dafbd187ea4aa60d10de75c,
clean,GS,,,prompt0020,unwatermarked,0,0.5,0.5,0,,,,,4.031560112000079,20,0094d483a120f3f33dafbd187ea4aa60d10de75c,
clean,GS,,,prompt0021,watermarked,0,1.0,1.0,1,,,,,5.741340124999624,21,0094d483a120f3f33dafbd187ea4aa60d10de75c,
clean,GS,,,prompt0021,unwatermarked,0,0.48828125,0.48828125,0,,,,,4.02992512199944,21,0094d483a120f3f33dafbd187ea4aa60d10de75c,
clean,GS,,,prompt0022,watermarked,0,1.0,1.0,1,,,,,5.734424895000302,22,0094d483a120f3f33dafbd187ea4aa60d10de75c,
clean,GS,,,prompt0022,unwatermarked,0,0.5078125,0.5078125,0,,,,,4.029493561999516,22,0094d483a120f3f33dafbd187ea4aa60d10de75c,
clean,GS,,,prompt0023,watermarked,0,1.0,1.0,1,,,,,5.732694696000181,23,0094d483a120f3f33dafbd187ea4aa60d10de75c,
clean,GS,,,prompt0023,unwatermarked,0,0.50390625,0.50390625,0,,,,,4.030774472000303,23,0094d483a120f3f33dafbd187ea4aa60d10de75c,
clean,GS,,,prompt0024,watermarked,0,1.0,1.0,1,,,,,5.740866913999525,24,0094d483a120f3f33dafbd187ea4aa60d10de75c,
clean,GS,,,prompt0024,unwatermarked,0,0.515625,0.515625,0,,,,,4.0294423420000385,24,0094d483a120f3f33dafbd187ea4aa60d10de75c,
clean,GS,,,prompt0025,watermarked,0,1.0,1.0,1,,,,,5.740321053999651,25,0094d483a120f3f33dafbd187ea4aa60d10de75c,
clean,GS,,,prompt0025,unwatermarked,0,0.51953125,0.51953125,0,,,,,4.02986126199994,25,0094d483a120f3f33dafbd187ea4aa60d10de75c,
clean,GS,,,prompt0026,watermarked,0,1.0,1.0,1,,,,,5.730074365000291,26,0094d483a120f3f33dafbd187ea4aa60d10de75c,
clean,GS,,,prompt0026,unwatermarked,0,0.51953125,0.51953125,0,,,,,4.02994050199959,26,0094d483a120f3f33dafbd187ea4aa60d10de75c,
clean,GS,,,prompt0027,watermarked,0,1.0,1.0,1,,,,,5.732635375999962,27,0094d483a120f3f33dafbd187ea4aa60d10de75c,
clean,GS,,,prompt0027,unwatermarked,0,0.4921875,0.4921875,0,,,,,4.030900622000445,27,0094d483a120f3f33dafbd187ea4aa60d10de75c,
clean,GS,,,prompt0028,watermarked,0,1.0,1.0,1,,,,,5.735848545000408,28,0094d483a120f3f33dafbd187ea4aa60d10de75c,
clean,GS,,,prompt0028,unwatermarked,0,0.53515625,0.53515625,0,,,,,4.028990752000027,28,0094d483a120f3f33dafbd187ea4aa60d10de75c,
clean,GS,,,prompt0029,watermarked,0,1.0,1.0,1,,,,,5.733071826000014,29,0094d483a120f3f33dafbd187ea4aa60d10de75c,
clean,GS,,,prompt0029,unwatermarked,0,0.48828125,0.48828125,0,,,,,4.028898681999635,29,0094d483a120f3f33dafbd187ea4aa60d10de75c,
clean,GS,,,prompt0030,watermarked,0,1.0,1.0,1,,,,,5.739174743999683,30,0094d483a120f3f33dafbd187ea4aa60d10de75c,
clean,GS,,,prompt0030,unwatermarked,0,0.4765625,0.4765625,0,,,,,4.028678422000667,30,0094d483a120f3f33dafbd187ea4aa60d10de75c,
clean,GS,,,prompt0031,watermarked,0,1.0,1.0,1,,,,,5.736665305000315,31,0094d483a120f3f33dafbd187ea4aa60d10de75c,
clean,GS,,,prompt0031,unwatermarked,0,0.50390625,0.50390625,0,,,,,4.028942463000021,31,0094d483a120f3f33dafbd187ea4aa60d10de75c,
clean,GS,,,prompt0032,watermarked,0,1.0,1.0,1,,,,,5.737253014999624,32,0094d483a120f3f33dafbd187ea4aa60d10de75c,
clean,GS,,,prompt0032,unwatermarked,0,0.4609375,0.4609375,0,,,,,4.030785371999627,32,0094d483a120f3f33dafbd187ea4aa60d10de75c,
clean,GS,,,prompt0033,watermarked,0,1.0,1.0,1,,,,,5.728137516000061,33,0094d483a120f3f33dafbd187ea4aa60d10de75c,
clean,GS,,,prompt0033,unwatermarked,0,0.51953125,0.51953125,0,,,,,4.0304152119997525,33,0094d483a120f3f33dafbd187ea4aa60d10de75c,
clean,GS,,,prompt0034,watermarked,0,1.0,1.0,1,,,,,5.724659335999604,34,0094d483a120f3f33dafbd187ea4aa60d10de75c,
clean,GS,,,prompt0034,unwatermarked,0,0.50390625,0.50390625,0,,,,,4.029064561999803,34,0094d483a120f3f33dafbd187ea4aa60d10de75c,
clean,GS,,,prompt0035,watermarked,0,1.0,1.0,1,,,,,5.7404707539999436,35,0094d483a120f3f33dafbd187ea4aa60d10de75c,
clean,GS,,,prompt0035,unwatermarked,0,0.5234375,0.5234375,0,,,,,4.029530832000091,35,0094d483a120f3f33dafbd187ea4aa60d10de75c,
clean,GS,,,prompt0036,watermarked,0,1.0,1.0,1,,,,,5.747563533000175,36,0094d483a120f3f33dafbd187ea4aa60d10de75c,
clean,GS,,,prompt0036,unwatermarked,0,0.484375,0.484375,0,,,,,4.030306132000078,36,0094d483a120f3f33dafbd187ea4aa60d10de75c,
clean,GS,,,prompt0037,watermarked,0,1.0,1.0,1,,,,,5.7710679110005,37,0094d483a120f3f33dafbd187ea4aa60d10de75c,
clean,GS,,,prompt0037,unwatermarked,0,0.4765625,0.4765625,0,,,,,4.030544961000487,37,0094d483a120f3f33dafbd187ea4aa60d10de75c,
clean,GS,,,prompt0038,watermarked,0,1.0,1.0,1,,,,,5.737661825000032,38,0094d483a120f3f33dafbd187ea4aa60d10de75c,
clean,GS,,,prompt0038,unwatermarked,0,0.546875,0.546875,0,,,,,4.029236432000289,38,0094d483a120f3f33dafbd187ea4aa60d10de75c,
clean,GS,,,prompt0039,watermarked,0,1.0,1.0,1,,,,,5.735167955000179,39,0094d483a120f3f33dafbd187ea4aa60d10de75c,
clean,GS,,,prompt0039,unwatermarked,0,0.54296875,0.54296875,0,,,,,4.029315522000616,39,0094d483a120f3f33dafbd187ea4aa60d10de75c,
clean,GS,,,prompt0040,watermarked,0,1.0,1.0,1,,,,,5.736975334999443,40,0094d483a120f3f33dafbd187ea4aa60d10de75c,
clean,GS,,,prompt0040,unwatermarked,0,0.5546875,0.5546875,0,,,,,4.028292082000007,40,0094d483a120f3f33dafbd187ea4aa60d10de75c,
clean,GS,,,prompt0041,watermarked,0,1.0,1.0,1,,,,,5.737153134999971,41,0094d483a120f3f33dafbd187ea4aa60d10de75c,
clean,GS,,,prompt0041,unwatermarked,0,0.4765625,0.4765625,0,,,,,4.029694631999519,41,0094d483a120f3f33dafbd187ea4aa60d10de75c,
clean,GS,,,prompt0042,watermarked,0,1.0,1.0,1,,,,,5.73248744600005,42,0094d483a120f3f33dafbd187ea4aa60d10de75c,
clean,GS,,,prompt0042,unwatermarked,0,0.46484375,0.46484375,0,,,,,4.02901144200041,42,0094d483a120f3f33dafbd187ea4aa60d10de75c,
clean,GS,,,prompt0043,watermarked,0,1.0,1.0,1,,,,,5.730347296000218,43,0094d483a120f3f33dafbd187ea4aa60d10de75c,
clean,GS,,,prompt0043,unwatermarked,0,0.4609375,0.4609375,0,,,,,4.02944337200006,43,0094d483a120f3f33dafbd187ea4aa60d10de75c,
clean,GS,,,prompt0044,watermarked,0,1.0,1.0,1,,,,,5.7338576649999595,44,0094d483a120f3f33dafbd187ea4aa60d10de75c,
clean,GS,,,prompt0044,unwatermarked,0,0.47265625,0.47265625,0,,,,,4.029058651999549,44,0094d483a120f3f33dafbd187ea4aa60d10de75c,
clean,GS,,,prompt0045,watermarked,0,1.0,1.0,1,,,,,5.727913005000119,45,0094d483a120f3f33dafbd187ea4aa60d10de75c,
clean,GS,,,prompt0045,unwatermarked,0,0.48046875,0.48046875,0,,,,,4.029602592000629,45,0094d483a120f3f33dafbd187ea4aa60d10de75c,
clean,GS,,,prompt0046,watermarked,0,1.0,1.0,1,,,,,5.730588434999845,46,0094d483a120f3f33dafbd187ea4aa60d10de75c,
clean,GS,,,prompt0046,unwatermarked,0,0.4765625,0.4765625,0,,,,,4.0285111019993565,46,0094d483a120f3f33dafbd187ea4aa60d10de75c,
clean,GS,,,prompt0047,watermarked,0,1.0,1.0,1,,,,,5.731331255000441,47,0094d483a120f3f33dafbd187ea4aa60d10de75c,
clean,GS,,,prompt0047,unwatermarked,0,0.5078125,0.5078125,0,,,,,4.029584191999675,47,0094d483a120f3f33dafbd187ea4aa60d10de75c,
clean,GS,,,prompt0048,watermarked,0,1.0,1.0,1,,,,,5.73085099599939,48,0094d483a120f3f33dafbd187ea4aa60d10de75c,
clean,GS,,,prompt0048,unwatermarked,0,0.51953125,0.51953125,0,,,,,4.030483870999888,48,0094d483a120f3f33dafbd187ea4aa60d10de75c,
clean,GS,,,prompt0049,watermarked,0,1.0,1.0,1,,,,,5.7243041459996675,49,0094d483a120f3f33dafbd187ea4aa60d10de75c,
clean,GS,,,prompt0049,unwatermarked,0,0.484375,0.484375,0,,,,,4.029206111999883,49,0094d483a120f3f33dafbd187ea4aa60d10de75c,
real,GS,,,410878,real,0,0.51953125,0.51953125,0,,,,,2.025041920000149,,0094d483a120f3f33dafbd187ea4aa60d10de75c,
real,GS,,,25424,real,0,0.5078125,0.5078125,0,,,,,2.023477300000195,,0094d483a120f3f33dafbd187ea4aa60d10de75c,
real,GS,,,166768,real,0,0.47265625,0.47265625,0,,,,,2.0240219300003446,,0094d483a120f3f33dafbd187ea4aa60d10de75c,
real,GS,,,32887,real,0,0.578125,0.578125,0,,,,,2.024154830000043,,0094d483a120f3f33dafbd187ea4aa60d10de75c,
real,GS,,,519208,real,0,0.42578125,0.42578125,0,,,,,2.024668768999618,,0094d483a120f3f33dafbd187ea4aa60d10de75c,
real,GS,,,565778,real,0,0.4765625,0.4765625,0,,,,,2.0247222600000896,,0094d483a120f3f33dafbd187ea4aa60d10de75c,
real,GS,,,248314,real,0,0.5078125,0.5078125,0,,,,,2.0258472699997583,,0094d483a120f3f33dafbd187ea4aa60d10de75c,
real,GS,,,176606,real,0,0.51171875,0.51171875,0,,,,,2.025085759999456,,0094d483a120f3f33dafbd187ea4aa60d10de75c,
real,GS,,,247838,real,0,0.52734375,0.52734375,0,,,,,2.02435535999939,,0094d483a120f3f33dafbd187ea4aa60d10de75c,
real,GS,,,376264,real,0,0.51953125,0.51953125,0,,,,,2.0252438500001517,,0094d483a120f3f33dafbd187ea4aa60d10de75c,
real,GS,,,445658,real,0,0.4765625,0.4765625,0,,,,,2.0242948900004194,,0094d483a120f3f33dafbd187ea4aa60d10de75c,
real,GS,,,400794,real,0,0.51171875,0.51171875,0,,,,,2.0233098700000482,,0094d483a120f3f33dafbd187ea4aa60d10de75c,
real,GS,,,225405,real,0,0.5078125,0.5078125,0,,,,,2.026108729999578,,0094d483a120f3f33dafbd187ea4aa60d10de75c,
real,GS,,,234607,real,0,0.50390625,0.50390625,0,,,,,2.0230445999995936,,0094d483a120f3f33dafbd187ea4aa60d10de75c,
real,GS,,,176799,real,0,0.48828125,0.48828125,0,,,,,2.0242227500002627,,0094d483a120f3f33dafbd187ea4aa60d10de75c,
real,GS,,,245576,real,0,0.5078125,0.5078125,0,,,,,2.0242847710005663,,0094d483a120f3f33dafbd187ea4aa60d10de75c,
real,GS,,,411938,real,0,0.52734375,0.52734375,0,,,,,2.024709260000236,,0094d483a120f3f33dafbd187ea4aa60d10de75c,
real,GS,,,119677,real,0,0.5078125,0.5078125,0,,,,,2.02443108999978,,0094d483a120f3f33dafbd187ea4aa60d10de75c,
real,GS,,,74733,real,0,0.56640625,0.56640625,0,,,,,2.0252665199996045,,0094d483a120f3f33dafbd187ea4aa60d10de75c,
real,GS,,,267670,real,0,0.51953125,0.51953125,0,,,,,2.023297690000618,,0094d483a120f3f33dafbd187ea4aa60d10de75c,
real,GS,,,214753,real,0,0.46875,0.46875,0,,,,,2.0247971000007965,,0094d483a120f3f33dafbd187ea4aa60d10de75c,
real,GS,,,22396,real,0,0.44921875,0.44921875,0,,,,,2.0240137310001955,,0094d483a120f3f33dafbd187ea4aa60d10de75c,
real,GS,,,410934,real,0,0.49609375,0.49609375,0,,,,,2.0248832000006587,,0094d483a120f3f33dafbd187ea4aa60d10de75c,
real,GS,,,14888,real,0,0.4453125,0.4453125,0,,,,,2.024721150000005,,0094d483a120f3f33dafbd187ea4aa60d10de75c,
real,GS,,,146667,real,0,0.5,0.5,0,,,,,2.024738260000049,,0094d483a120f3f33dafbd187ea4aa60d10de75c,
real,GS,,,468925,real,0,0.4921875,0.4921875,0,,,,,2.024703109999791,,0094d483a120f3f33dafbd187ea4aa60d10de75c,
real,GS,,,520531,real,0,0.5390625,0.5390625,0,,,,,2.0241781300001094,,0094d483a120f3f33dafbd187ea4aa60d10de75c,
real,GS,,,446207,real,0,0.46484375,0.46484375,0,,,,,2.0236072309999145,,0094d483a120f3f33dafbd187ea4aa60d10de75c,
real,GS,,,114770,real,0,0.48828125,0.48828125,0,,,,,2.0237838099992587,,0094d483a120f3f33dafbd187ea4aa60d10de75c,
real,GS,,,33759,real,0,0.52734375,0.52734375,0,,,,,2.0249119799991604,,0094d483a120f3f33dafbd187ea4aa60d10de75c,
real,GS,,,537053,real,0,0.55859375,0.55859375,0,,,,,2.0256174800006193,,0094d483a120f3f33dafbd187ea4aa60d10de75c,
real,GS,,,526103,real,0,0.52734375,0.52734375,0,,,,,2.024614549999569,,0094d483a120f3f33dafbd187ea4aa60d10de75c,
real,GS,,,281754,real,0,0.51171875,0.51171875,0,,,,,2.024066620000667,,0094d483a120f3f33dafbd187ea4aa60d10de75c,
real,GS,,,429690,real,0,0.53515625,0.53515625,0,,,,,2.0240567500004545,,0094d483a120f3f33dafbd187ea4aa60d10de75c,
real,GS,,,161861,real,0,0.48046875,0.48046875,0,,,,,2.02277439000045,,0094d483a120f3f33dafbd187ea4aa60d10de75c,
real,GS,,,448365,real,0,0.4453125,0.4453125,0,,,,,2.0246175499996752,,0094d483a120f3f33dafbd187ea4aa60d10de75c,
real,GS,,,559842,real,0,0.51171875,0.51171875,0,,,,,2.0257419700001265,,0094d483a120f3f33dafbd187ea4aa60d10de75c,
real,GS,,,155051,real,0,0.47265625,0.47265625,0,,,,,2.023470019999877,,0094d483a120f3f33dafbd187ea4aa60d10de75c,
real,GS,,,329080,real,0,0.47265625,0.47265625,0,,,,,2.024169410000468,,0094d483a120f3f33dafbd187ea4aa60d10de75c,
real,GS,,,147223,real,0,0.48828125,0.48828125,0,,,,,2.0235132699999667,,0094d483a120f3f33dafbd187ea4aa60d10de75c,
real,GS,,,393569,real,0,0.51953125,0.51953125,0,,,,,2.0242095500007053,,0094d483a120f3f33dafbd187ea4aa60d10de75c,
real,GS,,,149622,real,0,0.51171875,0.51171875,0,,,,,2.025538679999954,,0094d483a120f3f33dafbd187ea4aa60d10de75c,
real,GS,,,315219,real,0,0.5234375,0.5234375,0,,,,,2.022597990000577,,0094d483a120f3f33dafbd187ea4aa60d10de75c,
real,GS,,,252701,real,0,0.4765625,0.4765625,0,,,,,2.023545699999886,,0094d483a120f3f33dafbd187ea4aa60d10de75c,
real,GS,,,212573,real,0,0.4375,0.4375,0,,,,,2.0247730999999476,,0094d483a120f3f33dafbd187ea4aa60d10de75c,
real,GS,,,481159,real,0,0.484375,0.484375,0,,,,,2.0242154200004734,,0094d483a120f3f33dafbd187ea4aa60d10de75c,
real,GS,,,378515,real,0,0.5390625,0.5390625,0,,,,,2.025029530000211,,0094d483a120f3f33dafbd187ea4aa60d10de75c,
real,GS,,,190007,real,0,0.46875,0.46875,0,,,,,2.0239009599999918,,0094d483a120f3f33dafbd187ea4aa60d10de75c,
real,GS,,,32941,real,0,0.484375,0.484375,0,,,,,2.02583125000001,,0094d483a120f3f33dafbd187ea4aa60d10de75c,
real,GS,,,71226,real,0,0.47265625,0.47265625,0,,,,,2.024524190000193,,0094d483a120f3f33dafbd187ea4aa60d10de75c,
imprint,TR,imprint,C1,410878,reference,0,30.01091766357422,-30.01091766357422,1,,,,,,10000,0094d483a120f3f33dafbd187ea4aa60d10de75c,0094d483a120f3f33dafbd187ea4aa60d10de75c
imprint,TR,imprint,C1,410878,forged,10,59.56406784057617,-59.56406784057617,0,22.737638658311383,0.6801262450792315,0.09247352927923203,,48.89824494700224,10000,0094d483a120f3f33dafbd187ea4aa60d10de75c,0094d483a120f3f33dafbd187ea4aa60d10de75c
imprint,TR,imprint,C1,410878,forged,20,59.09408950805664,-59.09408950805664,0,21.990413999293427,0.635415648059962,0.11866600811481476,,97.77185987600114,10000,0094d483a120f3f33dafbd187ea4aa60d10de75c,0094d483a120f3f33dafbd187ea4aa60d10de75c
imprint,TR,imprint,C1,410878,forged,30,57.63695526123047,-57.63695526123047,0,21.439163707824104,0.6025396193702771,0.13831880688667297,,146.68108723000114,10000,0094d483a120f3f33dafbd187ea4aa60d10de75c,0094d483a120f3f33dafbd187ea4aa60d10de75c
imprint,TR,imprint,C1,410878,forged,40,56.03059768676758,-56.03059768676758,0,21.065962254987298,0.5793747046137491,0.15527468919754028,,195.59198436400402,10000,0094d483a120f3f33dafbd187ea4aa60d10de75c,0094d483a120f3f33dafbd187ea4aa60d10de75c
imprint,TR,imprint,C1,410878,forged,50,55.190921783447266,-55.190921783447266,0,20.790573401241662,0.5614451874231358,0.16905730962753296,,244.70579765000184,10000,0094d483a120f3f33dafbd187ea4aa60d10de75c,0094d483a120f3f33dafbd187ea4aa60d10de75c
imprint,TR,imprint,C1,410878,forged,60,54.70246124267578,-54.70246124267578,0,20.552653760696717,0.5459764931104518,0.18261924386024475,,293.60373990500193,10000,0094d483a120f3f33dafbd187ea4aa60d10de75c,0094d483a120f3f33dafbd187ea4aa60d10de75c
imprint,TR,imprint,C1,410878,done,0,54.70246124267578,-54.70246124267578,0,,,,0.5241080522537231,293.60373990500193,10000,0094d483a120f3f33dafbd187ea4aa60d10de75c,0094d483a120f3f33dafbd187ea4aa60d10de75c
imprint,TR,imprint,C1,25424,reference,0,36.23755645751953,-36.23755645751953,1,,,,,,10001,0094d483a120f3f33dafbd187ea4aa60d10de75c,0094d483a120f3f33dafbd187ea4aa60d10de75c
imprint,TR,imprint,C1,25424,forged,10,59.23626708984375,-59.23626708984375,0,30.075688798969935,0.7590144277688928,0.052635908126831055,,48.73264159199971,10001,0094d483a120f3f33dafbd187ea4aa60d10de75c,0094d483a120f3f33dafbd187ea4aa60d10de75c
imprint,TR,imprint,C1,25424,forged,20,57.05599594116211,-57.05599594116211,0,28.897197337192075,0.7309820371440846,0.07013292610645294,,97.58372377600244,10001,0094d483a120f3f33dafbd187ea4aa60d10de75c,0094d483a120f3f33dafbd187ea4aa60d10de75c
imprint,TR,imprint,C1,25424,forged,30,54.68244934082031,-54.68244934082031,0,28.144513117134153,0.7120782704554535,0.08319775760173798,,146.63065490699955,10001,0094d483a120f3f33dafbd187ea4aa60d10de75c,0094d483a120f3f33dafbd187ea4aa60d10de75c
imprint,TR,imprint,C1,25424,forged,40,51.88383102416992,-51.88383102416992,0,27.58913924046312,0.6975776176282702,0.09180895984172821,,195.5287463529985,10001,0094d483a120f3f33dafbd187ea4aa60d10de75c,0094d483a120f3f33dafbd187ea4aa60d10de75c
imprint,TR,imprint,C1,25424,forged,50,50.01774597167969,-50.01774597167969,0,27.156021616725162,0.6851250350753183,0.0993870422244072,,244.54972212400207,10001,0094d483a120f3f33dafbd187ea4aa60d10de75c,0094d483a120f3f33dafbd187ea4aa60d10de75c
imprint,TR,imprint,C1,25424,forged,60,47.79648208618164,-47.79648208618164,1,26.804581124977247,0.6743872420627501,0.10652583837509155,,293.3997327040015,10001,0094d483a120f3f33dafbd187ea4aa60d10de75c,0094d483a120f3f33dafbd187ea4aa60d10de75c
imprint,TR,imprint,C1,25424,done,0,47.79648208618164,-47.79648208618164,1,,,,0.43099164962768555,293.3997327040015,10001,0094d483a120f3f33dafbd187ea4aa60d10de75c,0094d483a120f3f33dafbd187ea4aa60d10de75c
imprint,TR,imprint,C1,166768,reference,0,34.40142822265625,-34.40142822265625,1,,,,,,10002,0094d483a120f3f33dafbd187ea4aa60d10de75c,0094d483a120f3f33dafbd187ea4aa60d10de75c
imprint,TR,imprint,C1,166768,forged,10,56.71035385131836,-56.71035385131836,0,31.855128658607114,0.8492736526367685,0.04776417091488838,,48.757306150999284,10002,0094d483a120f3f33dafbd187ea4aa60d10de75c,0094d483a120f3f33dafbd187ea4aa60d10de75c
imprint,TR,imprint,C1,166768,forged,20,54.040260314941406,-54.040260314941406,0,30.42260885450471,0.8250267610045233,0.07005660980939865,,97.60007021299862,10002,0094d483a120f3f33dafbd187ea4aa60d10de75c,0094d483a120f3f33dafbd187ea4aa60d10de75c
imprint,TR,imprint,C1,166768,forged,30,51.741966247558594,-51.741966247558594,0,29.53063027349986,0.8089182874191794,0.08537518233060837,,146.56113333299982,10002,0094d483a120f3f33dafbd187ea4aa60d10de75c,0094d483a120f3f33dafbd187ea4aa60d10de75c
imprint,TR,imprint,C1,166768,forged,40,50.23815155029297,-50.23815155029297,0,28.917962766546083,0.79728158398329,0.09627347439527512,,195.40559915300037,10002,0094d483a120f3f33dafbd187ea4aa60d10de75c,0094d483a120f3f33dafbd187ea4aa60d10de75c
imprint,TR,imprint,C1,166768,forged,50,48.49013137817383,-48.49013137817383,1,28.41980384702444,0.7884040255027562,0.10632945597171783,,244.34942088500065,10002,0094d483a120f3f33dafbd187ea4aa60d10de75c,0094d483a120f3f33dafbd187ea4aa60d10de75c
imprint,TR,imprint,C1,166768,done,0,48.49013137817383,-48.49013137817383,1,,,,0.3894202709197998,244.34942088500065,10002,0094d483a120f3f33dafbd187ea4aa60d10de75c,0094d483a120f3f33dafbd187ea4aa60d10de75c
imprint,TR,imprint,C1,32887,reference,0,35.0542106628418,-35.0542106628418,1,,,,,,10003,0094d483a120f3f33dafbd187ea4aa60d10de75c,0094d483a120f3f33dafbd187ea4aa60d10de75c
imprint,TR,imprint,C1,32887,forged,10,57.96298599243164,-57.96298599243164,0,24.705762080728988,0.6871506459988521,0.10944786667823792,,48.70299752500432,10003,0094d483a120f3f33dafbd187ea4aa60d10de75c,0094d483a120f3f33dafbd187ea4aa60d10de75c
imprint,TR,imprint,C1,32887,forged,20,57.724178314208984,-57.724178314208984,0,23.613942093446553,0.6354531131200054,0.14288796484470367,,97.54497357800028,10003,0094d483a120f3f33dafbd187ea4aa60d10de75c,0094d483a120f3f33dafbd187ea4aa60d10de75c
imprint,TR,imprint,C1,32887,forged,30,57.3421630859375,-57.3421630859375,0,22.847483633239776,0.5962195983214769,0.17185989022254944,,146.4130493160028,10003,0094d483a120f3f33dafbd187ea4aa60d10de75c,0094d483a120f3f33dafbd187ea4aa60d10de75c
imprint,TR,imprint,C1,32887,forged,40,57.02323532104492,-57.02323532104492,0,22.292782874934723,0.5656527236701644,0.19411349296569824,,195.13489626600312,10003,0094d483a120f3f33dafbd187ea4aa60d10de75c,0094d483a120f3f33dafbd187ea4aa60d10de75c
imprint,TR,imprint,C1,32887,forged,50,56.313289642333984,-56.313289642333984,0,21.85749611625717,0.5401213192887782,0.21271377801895142,,244.20221391200357,10003,0094d483a120f3f33dafbd187ea4aa60d10de75c,0094d483a120f3f33dafbd187ea4aa60d10de75c
imprint,TR,imprint,C1,32887,forged,60,55.914398193359375,-55.914398193359375,0,21.50191982686007,0.5181628144917032,0.22960788011550903,,292.898709820005,10003,0094d483a120f3f33dafbd187ea4aa60d10de75c,0094d483a120f3f33dafbd187ea4aa60d10de75c
imprint,TR,imprint,C1,32887,done,0,55.914398193359375,-55.914398193359375,0,,,,0.581838071346283,292.898709820005,10003,0094d483a120f3f33dafbd187ea4aa60d10de75c,0094d483a120f3f33dafbd187ea4aa60d10de75c
imprint,TR,imprint,C1,519208,reference,0,35.5084342956543,-35.5084342956543,1,,,,,,10004,0094d483a120f3f33dafbd187ea4aa60d10de75c,0094d483a120f3f33dafbd187ea4aa60d10de75c
imprint,TR,imprint,C1,519208,forged,10,54.823814392089844,-54.823814392089844,0,28.57540415475959,0.708767524665912,0.08378227055072784,,48.91606529499768,10004,0094d483a120f3f33dafbd187ea4aa60d10de75c,0094d483a120f3f33dafbd187ea4aa60d10de75c
imprint,TR,imprint,C1,519208,forged,20,54.6009407043457,-54.6009407043457,0,27.731836103387725,0.6707607471064692,0.11482620239257812,,97.76528401899668,10004,0094d483a120f3f33dafbd187ea4aa60d10de75c,0094d483a120f3f33dafbd187ea4aa60d10de75c
imprint,TR,imprint,C1,519208,forged,30,52.85713195800781,-52.85713195800781,0,27.152824950554777,0.6452955647104963,0.1387997567653656,,146.6145424749975,10004,0094d483a120f3f33dafbd187ea4aa60d10de75c,0094d483a120f3f33dafbd187ea4aa60d10de75c
imprint,TR,imprint,C1,519208,forged,40,51.00006103515625,-51.00006103515625,0,26.75914276762926,0.6286730895717357,0.1558459997177124,,195.34768373299448,10004,0094d483a120f3f33dafbd187ea4aa60d10de75c,0094d483a120f3f33dafbd187ea4aa60d10de75c
imprint,TR,imprint,C1,519208,forged,50,50.45334243774414,-50.45334243774414,0,26.471200444786813,0.616364185398493,0.16974565386772156,,244.36047322199192,10004,0094d483a120f3f33dafbd187ea4aa60d10de75c,0094d483a120f3f33dafbd187ea4aa60d10de75c
imprint,TR,imprint,C1,519208,forged,60,50.34518814086914,-50.34518814086914,0,26.237651567050793,0.6070109878010993,0.18070848286151886,,293.12176648999593,10004,0094d483a120f3f33dafbd187ea4aa60d10de75c,0094d483a120f3f33dafbd187ea4aa60d10de75c
imprint,TR,imprint,C1,519208,done,0,50.34518814086914,-50.34518814086914,0,,,,0.4638656675815582,293.12176648999593,10004,0094d483a120f3f33dafbd187ea4aa60d10de75c,0094d483a120f3f33dafbd187ea4aa60d10de75c
imprint,GS,imprint,C1,410878,reference,0,1.0,1.0,1,,,,,,10000,0094d483a120f3f33dafbd187ea4aa60d10de75c,0094d483a120f3f33dafbd187ea4aa60d10de75c
imprint,GS,imprint,C1,410878,forged,10,0.89453125,0.89453125,1,22.727292921959574,0.6809088009506393,0.0958608090877533,,48.887999291002416,10000,0094d483a120f3f33dafbd187ea4aa60d10de75c,0094d483a120f3f33dafbd187ea4aa60d10de75c
imprint,GS,imprint,C1,410878,done,0,0.89453125,0.89453125,1,,,,1.3213049173355103,48.887999291002416,10000,0094d483a120f3f33dafbd187ea4aa60d10de75c,0094d483a120f3f33dafbd187ea4aa60d10de75c
imprint,GS,imprint,C1,25424,reference,0,1.0,1.0,1,,,,,,10001,0094d483a120f3f33dafbd187ea4aa60d10de75c,0094d483a120f3f33dafbd187ea4aa60d10de75c
imprint,GS,imprint,C1,25424,forged,10,0.9296875,0.9296875,1,29.940523173501298,0.7573743894600785,0.053556978702545166,,48.76146647399946,10001,0094d483a120f3f33dafbd187ea4aa60d10de75c,0094d483a120f3f33dafbd187ea4aa60d10de75c
imprint,GS,imprint,C1,25424,done,0,0.9296875,0.9296875,1,,,,1.2998441457748413,48.76146647399946,10001,0094d483a120f3f33dafbd187ea4aa60d10de75c,0094d483a120f3f33dafbd187ea4aa60d10de75c
imprint,GS,imprint,C1,166768,reference,0,1.0,1.0,1,,,,,,10002,0094d483a120f3f33dafbd187ea4aa60d10de75c,0094d483a120f3f33dafbd187ea4aa60d10de75c
imprint,GS,imprint,C1,166768,forged,10,0.9765625,0.9765625,1,31.7992991582991,0.8496351881687468,0.04845130816102028,,48.738941626999804,10002,0094d483a120f3f33dafbd187ea4aa60d10de75c,0094d483a120f3f33dafbd187ea4aa60d10de75c
imprint,GS,imprint,C1,166768,done,0,0.9765625,0.9765625,1,,,,1.1256641149520874,48.738941626999804,10002,0094d483a120f3f33dafbd187ea4aa60d10de75c,0094d483a120f3f33dafbd187ea4aa60d10de75c
imprint,GS,imprint,C1,32887,reference,0,1.0,1.0,1,,,,,,10003,0094d483a120f3f33dafbd187ea4aa60d10de75c,0094d483a120f3f33dafbd187ea4aa60d10de75c
imprint,GS,imprint,C1,32887,forged,10,0.90625,0.90625,1,24.687459131796526,0.6874790880538031,0.11074834316968918,,48.69482933099789,10003,0094d483a120f3f33dafbd187ea4aa60d10de75c,0094d483a120f3f33dafbd187ea4aa60d10de75c
imprint,GS,imprint,C1,32887,done,0,0.90625,0.90625,1,,,,1.3629359006881714,48.69482933099789,10003,0094d483a120f3f33dafbd187ea4aa60d10de75c,0094d483a120f3f33dafbd187ea4aa60d10de75c
imprint,GS,imprint,C1,519208,reference,0,1.0,1.0,1,,,,,,10004,0094d483a120f3f33dafbd187ea4aa60d10de75c,0094d483a120f3f33dafbd187ea4aa60d10de75c
imprint,GS,imprint,C1,519208,forged,10,0.90625,0.90625,1,28.55605236751145,0.7081521757631554,0.08512770384550095,,48.65224567600126,10004,0094d483a120f3f33dafbd187ea4aa60d10de75c,0094d483a120f3f33dafbd187ea4aa60d10de75c
imprint,GS,imprint,C1,519208,done,0,0.90625,0.90625,1,,,,1.33640718460083,48.65224567600126,10004,0094d483a120f3f33dafbd187ea4aa60d10de75c,0094d483a120f3f33dafbd187ea4aa60d10de75c
